,epoch,training loss,validation loss
0,1.0,80.16063712624943,54.13589668273926
1,2.0,37.58036677042643,24.148663361867268
2,3.0,16.322290962817622,10.050642410914103
3,4.0,6.595052555495617,3.9307689666748047
4,5.0,2.584711532966763,1.5923892656962078
5,6.0,1.1354874734785043,0.8130144476890564
6,7.0,0.6775520817906249,0.5853448013464609
7,8.0,0.5501661803208145,0.5264811764160792
8,9.0,0.5186692639893177,0.5128630648056666
9,10.0,0.511680625817355,0.5100130836168925
